game	team	conference	location	result
1	BOS	East	Away	Loss
1	CLE	East	Home	Win
2	HOU	West	Away	Win
2	GS	West	Home	Loss
3	CHA	East	Away	Loss
3	DET	East	Home	Win
4	BKN	East	Away	Loss
4	IND	East	Home	Win
5	MIA	East	Away	Loss
5	ORL	East	Home	Win
6	PHI	East	Away	Loss
6	WAS	East	Home	Win
7	MIL	East	Away	Win
7	BOS	East	Home	Loss
8	NO	West	Away	Loss
8	MEM	West	Home	Win
9	ATL	East	Away	Win
9	DAL	West	Home	Loss
10	DEN	West	Away	Loss
10	UTA	West	Home	Win
11	MIN	West	Away	Loss
11	SA	West	Home	Win
12	POR	West	Away	Win
12	PHO	West	Home	Loss
13	HOU	West	Away	Win
13	SAC	West	Home	Loss
14	CHI	East	Away	Loss
14	TOR	East	Home	Win
15	NY	East	Away	Loss
15	OKC	West	Home	Win
16	LAC	West	Away	Win
16	LAL	West	Home	Loss
17	ATL	East	Away	Loss
17	CHA	East	Home	Win
18	POR	West	Away	Win
18	IND	East	Home	Loss
19	CLE	East	Away	Win
19	MIL	East	Home	Loss
20	BOS	East	Away	Win
20	PHI	East	Home	Loss
21	DET	East	Away	Loss
21	WAS	East	Home	Win
22	ORL	East	Away	Loss
22	BKN	East	Home	Win
23	UTA	West	Away	Loss
23	MIN	West	Home	Win
24	SAC	West	Away	Win
24	DAL	West	Home	Loss
25	GS	West	Away	Win
25	NO	West	Home	Loss
26	LAL	West	Away	Win
26	PHO	West	Home	Loss
27	PHI	East	Away	Loss
27	TOR	East	Home	Win
28	SA	West	Away	Win
28	CHI	East	Home	Loss
29	ORL	East	Away	Win
29	CLE	East	Home	Loss
30	DAL	West	Away	Loss
30	HOU	West	Home	Win
31	GS	West	Away	Loss
31	MEM	West	Home	Win
32	IND	East	Away	Loss
32	MIA	East	Home	Win
33	DET	East	Away	Win
33	NY	East	Home	Loss
34	POR	West	Away	Loss
34	MIL	East	Home	Win
35	SAC	West	Away	Loss
35	DEN	West	Home	Win
36	OKC	West	Away	Loss
36	UTA	West	Home	Win
37	PHO	West	Away	Loss
37	LAC	West	Home	Win
38	ATL	East	Away	Loss
38	BKN	East	Home	Win
39	MIN	West	Away	Win
39	OKC	West	Home	Loss
40	NO	West	Away	Win
40	LAL	West	Home	Loss
41	PHI	East	Away	Win
41	DET	East	Home	Loss
42	ATL	East	Away	Loss
42	MIA	East	Home	Win
43	MEM	West	Away	Win
43	HOU	West	Home	Loss
44	CHA	East	Away	Loss
44	MIL	East	Home	Win
45	GS	West	Away	Win
45	DAL	West	Home	Loss
46	TOR	East	Away	Loss
46	SA	West	Home	Win
47	WAS	East	Away	Win
47	DEN	West	Home	Loss
48	SAC	West	Away	Loss
48	PHO	West	Home	Win
49	CHI	East	Away	Loss
49	CLE	East	Home	Win
50	BKN	East	Away	Loss
50	ORL	East	Home	Win
51	NY	East	Away	Loss
51	BOS	East	Home	Win
52	IND	East	Away	Win
52	MIN	West	Home	Loss
53	NO	West	Away	Loss
53	POR	West	Home	Win
54	UTA	West	Away	Loss
54	LAC	West	Home	Win
55	DEN	West	Away	Loss
55	CHA	East	Home	Win
56	MIN	West	Away	Loss
56	DET	East	Home	Win
57	HOU	West	Away	Win
57	PHI	East	Home	Loss
58	CLE	East	Away	Loss
58	BKN	East	Home	Win
59	SA	West	Away	Win
59	MIA	East	Home	Loss
60	IND	East	Away	Loss
60	OKC	West	Home	Win
61	MEM	West	Away	Loss
61	DAL	West	Home	Win
62	UTA	West	Away	Loss
62	PHO	West	Home	Win
63	TOR	East	Away	Loss
63	GS	West	Home	Win
64	WAS	East	Away	Loss
64	LAL	West	Home	Win
65	ATL	East	Away	Loss
65	CHI	East	Home	Win
66	DAL	West	Away	Loss
66	MEM	West	Home	Win
67	BOS	East	Away	Win
67	MIL	East	Home	Loss
68	LAC	West	Away	Win
68	POR	West	Home	Loss
69	NO	West	Away	Win
69	SAC	West	Home	Loss
70	HOU	West	Away	Win
70	CHA	East	Home	Loss
71	SA	West	Away	Loss
71	ORL	East	Home	Win
72	DEN	West	Away	Win
72	ATL	East	Home	Loss
73	BKN	East	Away	Loss
73	NY	East	Home	Win
74	OKC	West	Away	Loss
74	MIN	West	Home	Win
75	WAS	East	Away	Loss
75	GS	West	Home	Win
76	TOR	East	Away	Win
76	LAL	West	Home	Loss
77	CLE	East	Away	Loss
77	NO	West	Home	Win
78	OKC	West	Away	Win
78	CHI	East	Home	Loss
79	HOU	West	Away	Loss
79	MEM	West	Home	Win
80	BOS	East	Away	Win
80	MIA	East	Home	Loss
81	PHI	East	Away	Win
81	DAL	West	Home	Loss
82	LAL	West	Away	Loss
82	UTA	West	Home	Win
83	PHO	West	Away	Loss
83	POR	West	Home	Win
84	DET	East	Away	Win
84	LAC	West	Home	Loss
85	MIL	East	Away	Win
85	ATL	East	Home	Loss
86	SA	West	Away	Loss
86	IND	East	Home	Win
87	DEN	West	Away	Win
87	BKN	East	Home	Loss
88	ORL	East	Away	Loss
88	CHA	East	Home	Win
89	WAS	East	Away	Win
89	SAC	West	Home	Loss
90	NY	East	Away	Win
90	CLE	East	Home	Loss
91	DET	East	Away	Win
91	GS	West	Home	Loss
92	SA	West	Away	Loss
92	BOS	East	Home	Win
93	MIN	West	Away	Win
93	MIA	East	Home	Loss
94	DEN	West	Away	Loss
94	NY	East	Home	Win
95	PHI	East	Away	Win
95	HOU	West	Home	Loss
96	CHA	East	Away	Win
96	MEM	West	Home	Loss
97	ORL	East	Away	Win
97	NO	West	Home	Loss
98	DAL	West	Away	Loss
98	UTA	West	Home	Win
99	TOR	East	Away	Win
99	POR	West	Home	Loss
100	GS	West	Away	Win
100	LAC	West	Home	Loss
101	SAC	West	Away	Loss
101	IND	East	Home	Win
102	PHO	West	Away	Win
102	BKN	East	Home	Loss
103	OKC	West	Away	Win
103	MIL	East	Home	Loss
104	DET	East	Away	Loss
104	LAL	West	Home	Win
105	MIL	East	Away	Loss
105	CHA	East	Home	Win
106	IND	East	Away	Win
106	CLE	East	Home	Loss
107	ATL	East	Away	Loss
107	PHI	East	Home	Win
108	PHO	West	Away	Win
108	WAS	East	Home	Loss
109	SAC	West	Away	Loss
109	BOS	East	Home	Win
110	CHI	East	Away	Loss
110	MIA	East	Home	Win
111	ORL	East	Away	Win
111	MEM	West	Home	Loss
112	MIN	West	Away	Win
112	NO	West	Home	Loss
113	HOU	West	Away	Win
113	NY	East	Home	Loss
114	TOR	East	Away	Loss
114	DEN	West	Home	Win
115	POR	West	Away	Loss
115	UTA	West	Home	Win
116	DAL	West	Away	Loss
116	LAC	West	Home	Win
117	GS	West	Away	Win
117	SA	West	Home	Loss
118	LAL	West	Away	Loss
118	POR	West	Home	Win
119	MIL	East	Away	Loss
119	DET	East	Home	Win
120	CHI	East	Away	Win
120	ORL	East	Home	Loss
121	IND	East	Away	Loss
121	PHI	East	Home	Win
122	CLE	East	Away	Win
122	WAS	East	Home	Loss
123	HOU	West	Away	Win
123	ATL	East	Home	Loss
124	PHO	West	Away	Loss
124	NY	East	Home	Win
125	NO	West	Away	Win
125	DAL	West	Home	Loss
126	CHA	East	Away	Loss
126	SA	West	Home	Win
127	MIA	East	Away	Loss
127	DEN	West	Home	Win
128	TOR	East	Away	Win
128	UTA	West	Home	Loss
129	BOS	East	Away	Win
129	OKC	West	Home	Loss
130	BKN	East	Away	Loss
130	LAL	West	Home	Win
131	MEM	West	Away	Win
131	LAC	West	Home	Loss
132	SAC	West	Away	Loss
132	DET	East	Home	Win
133	NO	West	Away	Win
133	CHI	East	Home	Loss
134	DAL	West	Away	Loss
134	MIN	West	Home	Win
135	GS	West	Away	Win
135	DEN	West	Home	Loss
136	ATL	East	Away	Win
136	CLE	East	Home	Loss
137	MIA	East	Away	Win
137	LAC	West	Home	Loss
138	BOS	East	Away	Win
138	ORL	East	Home	Loss
139	WAS	East	Away	Win
139	TOR	East	Home	Loss
140	UTA	West	Away	Loss
140	HOU	West	Home	Win
141	PHO	West	Away	Loss
141	SA	West	Home	Win
142	IND	East	Away	Loss
142	NY	East	Home	Win
143	CHA	East	Away	Loss
143	MIN	West	Home	Win
144	OKC	West	Away	Loss
144	POR	West	Home	Win
145	MEM	West	Away	Loss
145	LAL	West	Home	Win
146	BOS	East	Away	Win
146	ATL	East	Home	Loss
147	BKN	East	Away	Win
147	PHO	West	Home	Loss
148	MIA	East	Away	Loss
148	GS	West	Home	Win
149	MIL	East	Away	Loss
149	CLE	East	Home	Win
150	NO	West	Away	Win
150	IND	East	Home	Loss
151	DAL	West	Away	Win
151	WAS	East	Home	Loss
152	CHA	East	Away	Loss
152	NY	East	Home	Win
153	CHI	East	Away	Loss
153	TOR	East	Home	Win
154	LAC	West	Away	Loss
154	SA	West	Home	Win
155	BKN	East	Away	Loss
155	DEN	West	Home	Win
156	PHI	East	Away	Win
156	UTA	West	Home	Loss
157	MEM	West	Away	Win
157	POR	West	Home	Loss
158	OKC	West	Away	Loss
158	SAC	West	Home	Win
159	IND	East	Away	Loss
159	DET	East	Home	Win
160	NY	East	Away	Loss
160	ORL	East	Home	Win
161	LAL	West	Away	Loss
161	BOS	East	Home	Win
162	MIA	East	Away	Win
162	PHO	West	Home	Loss
163	MIN	West	Away	Loss
163	GS	West	Home	Win
164	LAL	West	Away	Loss
164	WAS	East	Home	Win
165	NO	West	Away	Loss
165	TOR	East	Home	Win
166	CLE	East	Away	Loss
166	HOU	West	Home	Win
167	PHI	East	Away	Loss
167	SAC	West	Home	Win
168	OKC	West	Away	Loss
168	DEN	West	Home	Win
169	ATL	East	Away	Loss
169	DET	East	Home	Win
170	CHA	East	Away	Loss
170	BOS	East	Home	Win
171	IND	East	Away	Win
171	CHI	East	Home	Loss
172	LAC	West	Away	Loss
172	OKC	West	Home	Win
173	ORL	East	Away	Win
173	PHO	West	Home	Loss
174	MIL	East	Away	Win
174	SA	West	Home	Loss
175	MIA	East	Away	Win
175	UTA	West	Home	Loss
176	BKN	East	Away	Win
176	POR	West	Home	Loss
177	LAC	West	Away	Loss
177	NO	West	Home	Win
178	ATL	East	Away	Loss
178	WAS	East	Home	Win
179	MEM	West	Away	Loss
179	HOU	West	Home	Win
180	SAC	West	Away	Loss
180	NY	East	Home	Win
181	CLE	East	Away	Win
181	DAL	West	Home	Loss
182	PHI	East	Away	Loss
182	GS	West	Home	Win
183	LAL	West	Away	Loss
183	MIL	East	Home	Win
184	CHI	East	Away	Loss
184	SA	West	Home	Win
185	ORL	East	Away	Loss
185	DEN	West	Home	Win
186	MIN	West	Away	Loss
186	PHO	West	Home	Win
187	BKN	East	Away	Loss
187	UTA	West	Home	Win
188	TOR	East	Away	Loss
188	BOS	East	Home	Win
189	MIA	East	Away	Loss
189	DET	East	Home	Win
190	HOU	West	Away	Win
190	IND	East	Home	Loss
191	DAL	West	Away	Loss
191	OKC	West	Home	Win
192	SAC	West	Away	Loss
192	WAS	East	Home	Win
193	CLE	East	Away	Win
193	NY	East	Home	Loss
194	MEM	West	Away	Loss
194	MIL	East	Home	Win
195	ATL	East	Away	Loss
195	NO	West	Home	Win
196	LAL	West	Away	Win
196	PHO	West	Home	Loss
197	MIN	West	Away	Win
197	UTA	West	Home	Loss
198	DEN	West	Away	Loss
198	POR	West	Home	Win
199	ORL	East	Away	Loss
199	GS	West	Home	Win
200	PHI	East	Away	Win
200	LAC	West	Home	Loss
201	BOS	East	Away	Win
201	BKN	East	Home	Loss
202	TOR	East	Away	Win
202	HOU	West	Home	Loss
203	SA	West	Away	Win
203	DAL	West	Home	Loss
204	SAC	West	Away	Loss
204	ATL	East	Home	Win
205	WAS	East	Away	Win
205	MIA	East	Home	Loss
206	UTA	West	Away	Loss
206	NY	East	Home	Win
207	CLE	East	Away	Win
207	CHA	East	Home	Loss
208	IND	East	Away	Win
208	MEM	West	Home	Loss
209	DET	East	Away	Loss
209	MIL	East	Home	Win
210	SA	West	Away	Loss
210	MIN	West	Home	Win
211	TOR	East	Away	Win
211	NO	West	Home	Loss
212	CHI	East	Away	Loss
212	OKC	West	Home	Win
213	ORL	East	Away	Loss
213	POR	West	Home	Win
214	PHI	East	Away	Win
214	LAL	West	Home	Loss
215	GS	West	Away	Loss
215	BOS	East	Home	Win
216	HOU	West	Away	Win
216	PHO	West	Home	Loss
217	DET	East	Away	Loss
217	IND	East	Home	Win
218	MIA	East	Away	Win
218	WAS	East	Home	Loss
219	UTA	West	Away	Loss
219	BKN	East	Home	Win
220	LAC	West	Away	Loss
220	CLE	East	Home	Win
221	NY	East	Away	Loss
221	TOR	East	Home	Win
222	CHA	East	Away	Loss
222	CHI	East	Home	Win
223	OKC	West	Away	Loss
223	SA	West	Home	Win
224	MIN	West	Away	Win
224	DAL	West	Home	Loss
225	POR	West	Away	Loss
225	SAC	West	Home	Win
226	NO	West	Away	Loss
226	DEN	West	Home	Win
227	PHO	West	Away	Win
227	LAL	West	Home	Loss
228	LAC	West	Away	Loss
228	CHA	East	Home	Win
229	UTA	West	Away	Win
229	ORL	East	Home	Loss
230	BOS	East	Away	Win
230	ATL	East	Home	Loss
231	GS	West	Away	Win
231	PHI	East	Home	Loss
232	HOU	West	Away	Win
232	MEM	West	Home	Loss
233	MIL	East	Away	Loss
233	DAL	West	Home	Win
234	SAC	West	Away	Loss
234	POR	West	Home	Win
235	IND	East	Away	Win
235	MIA	East	Home	Loss
236	GS	West	Away	Win
236	BKN	East	Home	Loss
237	WAS	East	Away	Loss
237	TOR	East	Home	Win
238	DET	East	Away	Win
238	MIN	West	Home	Loss
239	CHI	East	Away	Loss
239	PHO	West	Home	Win
240	DEN	West	Away	Loss
240	LAL	West	Home	Win
241	MIN	West	Away	Loss
241	CHA	East	Home	Win
242	CLE	East	Away	Win
242	DET	East	Home	Loss
243	IND	East	Away	Win
243	ORL	East	Home	Loss
244	UTA	West	Away	Loss
244	PHI	East	Home	Win
245	LAC	West	Away	Loss
245	NY	East	Home	Win
246	POR	West	Away	Win
246	MEM	West	Home	Loss
247	WAS	East	Away	Win
247	MIL	East	Home	Loss
248	OKC	West	Away	Loss
248	NO	West	Home	Win
249	BOS	East	Away	Win
249	DAL	West	Home	Loss
250	ATL	East	Away	Loss
250	SA	West	Home	Win
251	DEN	West	Away	Win
251	SAC	West	Home	Loss
252	CHI	East	Away	Loss
252	LAL	West	Home	Win
253	WAS	East	Away	Loss
253	CHA	East	Home	Win
254	BKN	East	Away	Loss
254	CLE	East	Home	Win
255	POR	West	Away	Loss
255	PHI	East	Home	Win
256	LAC	West	Away	Win
256	ATL	East	Home	Loss
257	BOS	East	Away	Loss
257	MIA	East	Home	Win
258	TOR	East	Away	Loss
258	NY	East	Home	Win
259	DEN	West	Away	Loss
259	HOU	West	Home	Win
260	DAL	West	Away	Win
260	MEM	West	Home	Loss
261	ORL	East	Away	Loss
261	MIN	West	Home	Win
262	SA	West	Away	Loss
262	NO	West	Home	Win
263	GS	West	Away	Loss
263	OKC	West	Home	Win
264	MIL	East	Away	Win
264	PHO	West	Home	Loss
265	CHI	East	Away	Loss
265	UTA	West	Home	Win
266	LAL	West	Away	Loss
266	SAC	West	Home	Win
267	NY	East	Away	Loss
267	ATL	East	Home	Win
268	ORL	East	Away	Loss
268	BOS	East	Home	Win
269	CHA	East	Away	Loss
269	CLE	East	Home	Win
270	TOR	East	Away	Loss
270	IND	East	Home	Win
271	MIA	East	Away	Win
271	MIN	West	Home	Loss
272	DET	East	Away	Win
272	OKC	West	Home	Loss
273	MEM	West	Away	Loss
273	DEN	West	Home	Win
274	NO	West	Away	Win
274	PHO	West	Home	Loss
275	POR	West	Away	Win
275	BKN	East	Home	Loss
276	CHI	East	Away	Loss
276	GS	West	Home	Win
277	SA	West	Away	Win
277	CHA	East	Home	Loss
278	ORL	East	Away	Loss
278	PHI	East	Home	Win
279	POR	West	Away	Win
279	WAS	East	Home	Loss
280	TOR	East	Away	Win
280	ATL	East	Home	Loss
281	NY	East	Away	Loss
281	HOU	West	Home	Win
282	BOS	East	Away	Win
282	IND	East	Home	Loss
283	OKC	West	Away	Loss
283	DAL	West	Home	Win
284	NO	West	Away	Loss
284	GS	West	Home	Win
285	MIL	East	Away	Loss
285	UTA	West	Home	Win
286	LAC	West	Away	Win
286	SAC	West	Home	Loss
287	MIA	East	Away	Win
287	CHI	East	Home	Loss
288	PHO	West	Away	Loss
288	MIN	West	Home	Win
289	BKN	East	Away	Win
289	MEM	West	Home	Loss
290	ORL	East	Away	Loss
290	IND	East	Home	Win
291	CLE	East	Away	Win
291	PHI	East	Home	Loss
292	DET	East	Away	Win
292	BOS	East	Home	Loss
293	POR	West	Away	Win
293	NY	East	Home	Loss
294	BKN	East	Away	Loss
294	HOU	West	Home	Win
295	DAL	West	Away	Loss
295	SA	West	Home	Win
296	SAC	West	Away	Win
296	GS	West	Home	Loss
297	LAL	West	Away	Loss
297	LAC	West	Home	Win
298	MIA	East	Away	Loss
298	CLE	East	Home	Win
299	PHO	West	Away	Win
299	CHI	East	Home	Loss
300	WAS	East	Away	Win
300	MIN	West	Home	Loss
301	MIL	East	Away	Win
301	SAC	West	Home	Loss
302	DEN	West	Away	Loss
302	UTA	West	Home	Win
303	PHO	West	Away	Loss
303	DET	East	Home	Win
304	OKC	West	Away	Loss
304	ORL	East	Home	Win
305	WAS	East	Away	Loss
305	PHI	East	Home	Win
306	MIA	East	Away	Loss
306	NY	East	Home	Win
307	CHA	East	Away	Loss
307	TOR	East	Home	Win
308	IND	East	Away	Loss
308	HOU	West	Home	Win
309	MIN	West	Away	Win
309	NO	West	Home	Loss
310	BKN	East	Away	Win
310	DAL	West	Home	Loss
311	MEM	West	Away	Loss
311	SA	West	Home	Win
312	GS	West	Away	Win
312	LAL	West	Home	Loss
313	CLE	East	Away	Win
313	ATL	East	Home	Loss
314	PHI	East	Away	Loss
314	BOS	East	Home	Win
315	CHI	East	Away	Loss
315	DEN	West	Home	Win
316	MIL	East	Away	Win
316	POR	West	Home	Loss
317	UTA	West	Away	Win
317	LAC	West	Home	Loss
318	GS	West	Away	Win
318	ORL	East	Home	Loss
319	DET	East	Away	Loss
319	WAS	East	Home	Win
320	IND	East	Away	Loss
320	TOR	East	Home	Win
321	SAC	West	Away	Win
321	CHI	East	Home	Loss
322	SA	West	Away	Win
322	MEM	West	Home	Loss
323	CHA	East	Away	Loss
323	MIA	East	Home	Win
324	MIN	West	Away	Loss
324	OKC	West	Home	Win
325	NO	West	Away	Loss
325	UTA	West	Home	Win
326	PHO	West	Away	Loss
326	BOS	East	Home	Win
327	LAC	West	Away	Loss
327	DAL	West	Home	Win
328	ATL	East	Away	Win
328	BKN	East	Home	Loss
329	MEM	West	Away	Loss
329	CLE	East	Home	Win
330	DET	East	Away	Loss
330	PHI	East	Home	Win
331	SAC	West	Away	Loss
331	MIL	East	Home	Win
332	LAL	West	Away	Loss
332	DEN	West	Home	Win
333	NO	West	Away	Win
333	POR	West	Home	Loss
334	ORL	East	Away	Win
334	NY	East	Home	Loss
335	GS	West	Away	Win
335	MIA	East	Home	Loss
336	LAC	West	Away	Loss
336	MIN	West	Home	Win
337	SA	West	Away	Loss
337	OKC	West	Home	Win
338	HOU	West	Away	Win
338	LAL	West	Home	Loss
339	ORL	East	Away	Loss
339	CHA	East	Home	Win
340	NY	East	Away	Loss
340	IND	East	Home	Win
341	PHO	West	Away	Win
341	PHI	East	Home	Loss
342	BKN	East	Away	Win
342	ATL	East	Home	Loss
343	MIL	East	Away	Loss
343	BOS	East	Home	Win
344	CLE	East	Away	Win
344	CHI	East	Home	Loss
345	MIN	West	Away	Loss
345	MEM	West	Home	Win
346	GS	West	Away	Win
346	NO	West	Home	Loss
347	DEN	West	Away	Loss
347	DAL	West	Home	Win
348	DET	East	Away	Loss
348	SA	West	Home	Win
349	WAS	East	Away	Loss
349	UTA	West	Home	Win
350	PHO	West	Away	Loss
350	TOR	East	Home	Win
351	UTA	West	Away	Loss
351	OKC	West	Home	Win
352	WAS	East	Away	Win
352	POR	West	Home	Loss
353	SAC	West	Away	Loss
353	CLE	East	Home	Win
354	CHI	East	Away	Loss
354	IND	East	Home	Win
355	ATL	East	Away	Loss
355	ORL	East	Home	Win
356	DAL	West	Away	Loss
356	BOS	East	Home	Win
357	MEM	West	Away	Loss
357	NY	East	Home	Win
358	GS	West	Away	Win
358	CHA	East	Home	Loss
359	DET	East	Away	Loss
359	MIL	East	Home	Win
360	DEN	West	Away	Loss
360	NO	West	Home	Win
361	MIA	East	Away	Loss
361	SA	West	Home	Win
362	MIN	West	Away	Win
362	LAC	West	Home	Loss
363	LAL	West	Away	Win
363	PHI	East	Home	Loss
364	WAS	East	Away	Win
364	PHO	West	Home	Loss
365	OKC	West	Away	Loss
365	BKN	East	Home	Win
366	HOU	West	Away	Win
366	UTA	West	Home	Loss
367	CHI	East	Away	Win
367	CHA	East	Home	Loss
368	GS	West	Away	Win
368	DET	East	Home	Loss
369	CLE	East	Away	Loss
369	IND	East	Home	Win
370	DEN	West	Away	Win
370	ORL	East	Home	Loss
371	TOR	East	Away	Win
371	MEM	West	Home	Loss
372	DAL	West	Away	Loss
372	MIL	East	Home	Win
373	SAC	West	Away	Win
373	NO	West	Home	Loss
374	BOS	East	Away	Loss
374	SA	West	Home	Win
375	WAS	East	Away	Loss
375	LAC	West	Home	Win
376	MIA	East	Away	Win
376	BKN	East	Home	Loss
377	LAL	West	Away	Win
377	CHA	East	Home	Loss
378	ORL	East	Away	Loss
378	ATL	East	Home	Win
379	NY	East	Away	Loss
379	CHI	East	Home	Win
380	PHI	East	Away	Loss
380	CLE	East	Home	Win
381	UTA	West	Away	Loss
381	MIL	East	Home	Win
382	OKC	West	Away	Win
382	MEM	West	Home	Loss
383	SA	West	Away	Win
383	PHO	West	Home	Loss
384	HOU	West	Away	Win
384	POR	West	Home	Loss
385	TOR	East	Away	Win
385	SAC	West	Home	Loss
386	BOS	East	Away	Win
386	DET	East	Home	Loss
387	DEN	West	Away	Loss
387	IND	East	Home	Win
388	DAL	West	Away	Loss
388	MIN	West	Home	Win
389	PHI	East	Away	Loss
389	NO	West	Home	Win
390	ATL	East	Away	Loss
390	NY	East	Home	Win
391	BOS	East	Away	Loss
391	CHI	East	Home	Win
392	NO	West	Away	Loss
392	HOU	West	Home	Win
393	MIA	East	Away	Win
393	MEM	West	Home	Loss
394	CHA	East	Away	Win
394	OKC	West	Home	Loss
395	POR	West	Away	Loss
395	GS	West	Home	Win
396	TOR	East	Away	Loss
396	LAC	West	Home	Win
397	ATL	East	Away	Loss
397	CLE	East	Home	Win
398	DEN	West	Away	Win
398	DET	East	Home	Loss
399	LAL	West	Away	Loss
399	NY	East	Home	Win
400	WAS	East	Away	Loss
400	BKN	East	Home	Win
401	PHI	East	Away	Win
401	MIN	West	Home	Loss
402	SA	West	Away	Loss
402	DAL	West	Home	Win
403	PHO	West	Away	Loss
403	SAC	West	Home	Win
404	OKC	West	Away	Win
404	IND	East	Home	Loss
405	LAC	West	Away	Win
405	ORL	East	Home	Loss
406	MEM	West	Away	Loss
406	WAS	East	Home	Win
407	DEN	West	Away	Loss
407	BOS	East	Home	Win
408	POR	West	Away	Win
408	MIA	East	Home	Loss
409	UTA	West	Away	Loss
409	CHI	East	Home	Win
410	MIL	East	Away	Loss
410	NO	West	Home	Win
411	TOR	East	Away	Win
411	PHO	West	Home	Loss
412	CHA	East	Away	Loss
412	HOU	West	Home	Win
413	DET	East	Away	Win
413	ATL	East	Home	Loss
414	NY	East	Away	Win
414	BKN	East	Home	Loss
415	LAL	West	Away	Loss
415	CLE	East	Home	Win
416	SAC	West	Away	Loss
416	MIN	West	Home	Win
417	DAL	West	Away	Loss
417	GS	West	Home	Win
418	MIA	East	Away	Win
418	CHA	East	Home	Loss
419	DET	East	Away	Win
419	IND	East	Home	Loss
420	POR	West	Away	Win
420	ORL	East	Home	Loss
421	OKC	West	Away	Win
421	PHI	East	Home	Loss
422	LAC	West	Away	Loss
422	WAS	East	Home	Win
423	UTA	West	Away	Win
423	BOS	East	Home	Loss
424	BKN	East	Away	Loss
424	TOR	East	Home	Win
425	ATL	East	Away	Loss
425	MEM	West	Home	Win
426	CHI	East	Away	Win
426	MIL	East	Home	Loss
427	NO	West	Away	Loss
427	DEN	West	Home	Win
428	SA	West	Away	Loss
428	HOU	West	Home	Win
429	POR	West	Away	Win
429	CHA	East	Home	Loss
430	UTA	West	Away	Loss
430	CLE	East	Home	Win
431	OKC	West	Away	Loss
431	NY	East	Home	Win
432	MIL	East	Away	Loss
432	HOU	West	Home	Win
433	LAC	West	Away	Loss
433	MIA	East	Home	Win
434	PHO	West	Away	Win
434	MIN	West	Home	Loss
435	DAL	West	Away	Loss
435	SA	West	Home	Win
436	BOS	East	Away	Win
436	MEM	West	Home	Loss
437	SAC	West	Away	Loss
437	TOR	East	Home	Win
438	ORL	East	Away	Loss
438	DET	East	Home	Win
439	IND	East	Away	Win
439	BKN	East	Home	Loss
440	CLE	East	Away	Win
440	WAS	East	Home	Loss
441	NY	East	Away	Loss
441	CHA	East	Home	Win
442	BOS	East	Away	Win
442	IND	East	Home	Loss
443	MIA	East	Away	Loss
443	ATL	East	Home	Win
444	PHI	East	Away	Loss
444	CHI	East	Home	Win
445	UTA	West	Away	Loss
445	HOU	West	Home	Win
446	POR	West	Away	Loss
446	MIN	West	Home	Win
447	DEN	West	Away	Loss
447	OKC	West	Home	Win
448	PHO	West	Away	Win
448	DAL	West	Home	Loss
449	LAC	West	Away	Loss
449	SA	West	Home	Win
450	GS	West	Away	Win
450	LAL	West	Home	Loss
451	SAC	West	Away	Win
451	PHI	East	Home	Loss
452	NO	West	Away	Loss
452	WAS	East	Home	Win
453	CLE	East	Away	Loss
453	MIL	East	Home	Win
454	TOR	East	Away	Win
454	CHA	East	Home	Loss
455	IND	East	Away	Win
455	ATL	East	Home	Loss
456	MIA	East	Away	Win
456	BOS	East	Home	Loss
457	SAC	West	Away	Win
457	BKN	East	Home	Loss
458	ORL	East	Away	Loss
458	CHI	East	Home	Win
459	LAL	West	Away	Win
459	HOU	West	Home	Loss
460	UTA	West	Away	Loss
460	OKC	West	Home	Win
461	DET	East	Away	Loss
461	DAL	West	Home	Win
462	MIN	West	Away	Win
462	DEN	West	Home	Loss
463	SA	West	Away	Win
463	POR	West	Home	Loss
464	MEM	West	Away	Loss
464	GS	West	Home	Win
465	PHO	West	Away	Loss
465	LAC	West	Home	Win
466	CHI	East	Away	Loss
466	CLE	East	Home	Win
467	TOR	East	Away	Win
467	PHI	East	Home	Loss
468	BOS	East	Away	Loss
468	NY	East	Home	Win
469	MEM	West	Away	Loss
469	PHO	West	Home	Win
470	SA	West	Away	Loss
470	UTA	West	Home	Win
471	NY	East	Away	Loss
471	DET	East	Home	Win
472	NO	West	Away	Win
472	ORL	East	Home	Loss
473	WAS	East	Away	Loss
473	BKN	East	Home	Win
474	LAC	West	Away	Win
474	HOU	West	Home	Loss
475	DAL	West	Away	Loss
475	MIA	East	Home	Win
476	CHA	East	Away	Loss
476	MIL	East	Home	Win
477	ATL	East	Away	Loss
477	OKC	West	Home	Win
478	DEN	West	Away	Win
478	POR	West	Home	Loss
479	LAL	West	Away	Loss
479	GS	West	Home	Win
480	PHI	East	Away	Loss
480	TOR	East	Home	Win
481	MIL	East	Away	Loss
481	CHA	East	Home	Win
482	BKN	East	Away	Loss
482	IND	East	Home	Win
483	ORL	East	Away	Loss
483	WAS	East	Home	Win
484	DAL	West	Away	Loss
484	ATL	East	Home	Win
485	CHI	East	Away	Loss
485	BOS	East	Home	Win
486	LAC	West	Away	Loss
486	MEM	West	Home	Win
487	NO	West	Away	Win
487	MIA	East	Home	Loss
488	OKC	West	Away	Win
488	UTA	West	Home	Loss
489	DEN	West	Away	Win
489	GS	West	Home	Loss
490	MIN	West	Away	Win
490	PHO	West	Home	Loss
491	POR	West	Away	Win
491	LAL	West	Home	Loss
492	SA	West	Away	Win
492	SAC	West	Home	Loss
493	CLE	East	Away	Loss
493	GS	West	Home	Win
494	WAS	East	Away	Win
494	BOS	East	Home	Loss
495	HOU	West	Away	Loss
495	OKC	West	Home	Win
496	PHI	East	Away	Win
496	NY	East	Home	Loss
497	MIN	West	Away	Win
497	LAL	West	Home	Loss
498	TOR	East	Away	Loss
498	DAL	West	Home	Win
499	IND	East	Away	Loss
499	DET	East	Home	Win
500	ORL	East	Away	Loss
500	MIA	East	Home	Win
501	CHI	East	Away	Win
501	MIL	East	Home	Loss
502	BKN	East	Away	Loss
502	SA	West	Home	Win
503	UTA	West	Away	Loss
503	DEN	West	Home	Win
504	MEM	West	Away	Loss
504	PHO	West	Home	Win
505	SAC	West	Away	Loss
505	LAC	West	Home	Win
506	BOS	East	Away	Win
506	CHA	East	Home	Loss
507	DAL	West	Away	Win
507	IND	East	Home	Loss
508	WAS	East	Away	Loss
508	ATL	East	Home	Win
509	NY	East	Away	Loss
509	CHI	East	Home	Win
510	DEN	West	Away	Loss
510	MIN	West	Home	Win
511	BKN	East	Away	Loss
511	NO	West	Home	Win
512	TOR	East	Away	Loss
512	OKC	West	Home	Win
513	CLE	East	Away	Loss
513	SAC	West	Home	Win
514	UTA	West	Away	Loss
514	GS	West	Home	Win
515	MEM	West	Away	Win
515	LAL	West	Home	Loss
516	DET	East	Away	Loss
516	ORL	East	Home	Win
517	HOU	West	Away	Loss
517	BOS	East	Home	Win
518	MIN	West	Away	Loss
518	MIL	East	Home	Win
519	NY	East	Away	Loss
519	SA	West	Home	Win
520	PHI	East	Away	Loss
520	POR	West	Home	Win
521	HOU	West	Away	Loss
521	WAS	East	Home	Win
522	ATL	East	Away	Loss
522	TOR	East	Home	Win
523	IND	East	Away	Loss
523	CHI	East	Home	Win
524	BKN	East	Away	Win
524	MIA	East	Home	Loss
525	DAL	West	Away	Win
525	NO	West	Home	Loss
526	MIL	East	Away	Win
526	OKC	West	Home	Loss
527	PHO	West	Away	Win
527	SAC	West	Home	Loss
528	CHA	East	Away	Win
528	GS	West	Home	Loss
529	LAC	West	Away	Win
529	LAL	West	Home	Loss
530	SA	West	Away	Loss
530	DET	East	Home	Win
531	NY	East	Away	Win
531	NO	West	Home	Loss
532	MIA	East	Away	Win
532	ORL	East	Home	Loss
533	POR	West	Away	Loss
533	ATL	East	Home	Win
534	CLE	East	Away	Loss
534	UTA	West	Home	Win
535	MEM	West	Away	Loss
535	GS	West	Home	Win
536	PHI	East	Away	Win
536	DEN	West	Home	Loss
537	CHI	East	Away	Loss
537	WAS	East	Home	Win
538	MIN	West	Away	Win
538	IND	East	Home	Loss
539	BKN	East	Away	Loss
539	BOS	East	Home	Win
540	LAL	West	Away	Loss
540	HOU	West	Home	Win
541	CHA	East	Away	Loss
541	LAC	West	Home	Win
542	DAL	West	Away	Win
542	OKC	West	Home	Loss
543	MEM	West	Away	Win
543	SAC	West	Home	Loss
544	PHI	East	Away	Win
544	PHO	West	Home	Loss
545	ORL	East	Away	Loss
545	BKN	East	Home	Win
546	MIL	East	Away	Loss
546	TOR	East	Home	Win
547	POR	West	Away	Win
547	CHI	East	Home	Loss
548	LAL	West	Away	Loss
548	MIN	West	Home	Win
549	POR	West	Away	Loss
549	CLE	East	Home	Win
550	SA	West	Away	Win
550	NY	East	Home	Loss
551	ATL	East	Away	Loss
551	PHO	West	Home	Win
552	CHA	East	Away	Win
552	SAC	West	Home	Loss
553	MEM	West	Away	Loss
553	LAC	West	Home	Win
554	HOU	West	Away	Win
554	ORL	East	Home	Loss
555	SA	West	Away	Loss
555	PHI	East	Home	Win
556	NY	East	Away	Loss
556	WAS	East	Home	Win
557	MIN	West	Away	Loss
557	BKN	East	Home	Win
558	DET	East	Away	Loss
558	MIA	East	Home	Win
559	CLE	East	Away	Loss
559	BOS	East	Home	Win
560	TOR	East	Away	Win
560	CHI	East	Home	Loss
561	IND	East	Away	Loss
561	MIL	East	Home	Win
562	GS	West	Away	Win
562	DAL	West	Home	Loss
563	PHO	West	Away	Loss
563	DEN	West	Home	Win
564	NO	West	Away	Win
564	UTA	West	Home	Loss
565	OKC	West	Away	Win
565	LAL	West	Home	Loss
566	GS	West	Away	Win
566	HOU	West	Home	Loss
567	OKC	West	Away	Win
567	LAC	West	Home	Loss
568	NY	East	Away	Loss
568	MIA	East	Home	Win
569	DET	East	Away	Loss
569	PHI	East	Home	Win
570	MIN	West	Away	Loss
570	BOS	East	Home	Win
571	TOR	East	Away	Win
571	MIL	East	Home	Loss
572	CHI	East	Away	Win
572	DAL	West	Home	Loss
573	PHO	West	Away	Loss
573	SA	West	Home	Win
574	UTA	West	Away	Loss
574	DEN	West	Home	Win
575	WAS	East	Away	Win
575	MEM	West	Home	Loss
576	ATL	East	Away	Loss
576	POR	West	Home	Win
577	CHA	East	Away	Win
577	LAL	West	Home	Loss
578	GS	West	Away	Win
578	LAC	West	Home	Loss
579	BOS	East	Away	Win
579	BKN	East	Home	Loss
580	HOU	West	Away	Loss
580	DET	East	Home	Win
581	CHI	East	Away	Loss
581	IND	East	Home	Win
582	CLE	East	Away	Win
582	ORL	East	Home	Loss
583	MIL	East	Away	Win
583	WAS	East	Home	Loss
584	NO	West	Away	Loss
584	MIN	West	Home	Win
585	DEN	West	Away	Loss
585	SAC	West	Home	Win
586	UTA	West	Away	Loss
586	MIA	East	Home	Win
587	NY	East	Away	Win
587	DAL	West	Home	Loss
588	OKC	West	Away	Loss
588	PHO	West	Home	Win
589	SA	West	Away	Loss
589	POR	West	Home	Win
590	ATL	East	Away	Loss
590	LAL	West	Home	Win
591	MIL	East	Away	Loss
591	IND	East	Home	Win
592	TOR	East	Away	Win
592	BKN	East	Home	Loss
593	HOU	West	Away	Win
593	CHI	East	Home	Loss
594	CLE	East	Away	Loss
594	MIN	West	Home	Win
595	DET	East	Away	Loss
595	NO	West	Home	Win
596	SA	West	Away	Win
596	SAC	West	Home	Loss
597	DEN	West	Away	Loss
597	GS	West	Home	Win
598	ATL	East	Away	Loss
598	LAC	West	Home	Win
599	MIA	East	Away	Win
599	TOR	East	Home	Loss
600	POR	West	Away	Win
600	OKC	West	Home	Loss
601	ORL	East	Away	Loss
601	DAL	West	Home	Win
602	SAC	West	Away	Loss
602	LAL	West	Home	Win
603	DAL	West	Away	Win
603	CHA	East	Home	Loss
604	MIA	East	Away	Win
604	IND	East	Home	Loss
605	UTA	West	Away	Win
605	WAS	East	Home	Loss
606	DET	East	Away	Win
606	BKN	East	Home	Loss
607	CHI	East	Away	Win
607	NY	East	Home	Loss
608	POR	West	Away	Loss
608	HOU	West	Home	Win
609	NO	West	Away	Loss
609	MEM	West	Home	Win
610	ORL	East	Away	Loss
610	MIL	East	Home	Win
611	OKC	West	Away	Loss
611	MIN	West	Home	Win
612	ATL	East	Away	Win
612	DEN	West	Home	Loss
613	LAC	West	Away	Win
613	GS	West	Home	Loss
614	BOS	East	Away	Win
614	PHI	East	Home	Loss
615	CLE	East	Away	Loss
615	TOR	East	Home	Win
616	LAC	West	Away	Win
616	SAC	West	Home	Loss
617	SA	West	Away	Loss
617	LAL	West	Home	Win
618	UTA	West	Away	Loss
618	CHA	East	Home	Win
619	CLE	East	Away	Loss
619	IND	East	Home	Win
620	ORL	East	Away	Loss
620	WAS	East	Home	Win
621	BKN	East	Away	Win
621	ATL	East	Home	Loss
622	GS	West	Away	Win
622	MIL	East	Home	Loss
623	NY	East	Away	Loss
623	MIN	West	Home	Win
624	POR	West	Away	Loss
624	NO	West	Home	Win
625	MEM	West	Away	Loss
625	DEN	West	Home	Win
626	HOU	West	Away	Win
626	PHO	West	Home	Loss
627	LAL	West	Away	Win
627	DAL	West	Home	Loss
628	SAC	West	Away	Loss
628	LAC	West	Home	Win
629	OKC	West	Away	Win
629	CHA	East	Home	Loss
630	BKN	East	Away	Loss
630	WAS	East	Home	Win
631	GS	West	Away	Win
631	TOR	East	Home	Loss
632	DET	East	Away	Loss
632	CHI	East	Home	Win
633	DEN	West	Away	Loss
633	SA	West	Home	Win
634	MIL	East	Away	Loss
634	MIA	East	Home	Win
635	NO	West	Away	Win
635	NY	East	Home	Loss
636	IND	East	Away	Win
636	PHO	West	Home	Loss
637	POR	West	Away	Loss
637	MIN	West	Home	Win
638	TOR	East	Away	Loss
638	PHI	East	Home	Win
639	MIL	East	Away	Win
639	WAS	East	Home	Loss
640	SA	West	Away	Loss
640	ATL	East	Home	Win
641	NY	East	Away	Win
641	BKN	East	Home	Loss
642	SAC	West	Away	Loss
642	OKC	West	Home	Win
643	MIA	East	Away	Loss
643	CHI	East	Home	Win
644	LAL	West	Away	Loss
644	MEM	West	Home	Win
645	GS	West	Away	Win
645	CLE	East	Home	Loss
646	IND	East	Away	Win
646	UTA	West	Home	Loss
647	HOU	West	Away	Loss
647	LAC	West	Home	Win
648	CHA	East	Away	Win
648	DET	East	Home	Loss
649	MIN	West	Away	Loss
649	ORL	East	Home	Win
650	NO	West	Away	Win
650	BOS	East	Home	Loss
651	DAL	West	Away	Loss
651	DEN	West	Home	Win
652	PHO	West	Away	Loss
652	POR	West	Home	Win
653	WAS	East	Away	Loss
653	CHA	East	Home	Win
654	NO	West	Away	Loss
654	ATL	East	Home	Win
655	SA	West	Away	Win
655	BKN	East	Home	Loss
656	DET	East	Away	Loss
656	TOR	East	Home	Win
657	GS	West	Away	Win
657	CHI	East	Home	Loss
658	NY	East	Away	Loss
658	MEM	West	Home	Win
659	MIA	East	Away	Win
659	MIL	East	Home	Loss
660	LAL	West	Away	Loss
660	OKC	West	Home	Win
661	UTA	West	Away	Win
661	SAC	West	Home	Loss
662	DEN	West	Away	Loss
662	LAC	West	Home	Win
663	PHI	East	Away	Win
663	BOS	East	Home	Loss
664	ORL	East	Away	Loss
664	CLE	East	Home	Win
665	MIN	West	Away	Loss
665	HOU	West	Home	Win
666	IND	East	Away	Loss
666	POR	West	Home	Win
667	SA	West	Away	Loss
667	TOR	East	Home	Win
668	MIA	East	Away	Loss
668	BKN	East	Home	Win
669	WAS	East	Away	Win
669	DET	East	Home	Loss
670	SAC	West	Away	Loss
670	MEM	West	Home	Win
671	PHO	West	Away	Win
671	DEN	West	Home	Loss
672	IND	East	Away	Loss
672	LAL	West	Home	Win
673	NY	East	Away	Win
673	UTA	West	Home	Loss
674	OKC	West	Away	Win
674	CLE	East	Home	Loss
675	CHI	East	Away	Win
675	ATL	East	Home	Loss
676	MIA	East	Away	Win
676	CHA	East	Home	Loss
677	MEM	West	Away	Loss
677	NO	West	Home	Win
678	MIL	East	Away	Loss
678	PHI	East	Home	Win
679	GS	West	Away	Loss
679	HOU	West	Home	Win
680	TOR	East	Away	Loss
680	MIN	West	Home	Win
681	LAC	West	Away	Loss
681	UTA	West	Home	Win
682	DAL	West	Away	Loss
682	POR	West	Home	Win
683	ORL	East	Away	Win
683	BOS	East	Home	Loss
684	NY	East	Away	Loss
684	LAL	West	Home	Win
685	BKN	East	Away	Win
685	DET	East	Home	Loss
686	IND	East	Away	Win
686	SA	West	Home	Loss
687	SAC	West	Away	Loss
687	CHA	East	Home	Win
688	UTA	West	Away	Loss
688	ATL	East	Home	Win
689	MIA	East	Away	Loss
689	HOU	West	Home	Win
690	PHI	East	Away	Loss
690	MEM	West	Home	Win
691	PHO	West	Away	Loss
691	MIL	East	Home	Win
692	CHI	East	Away	Loss
692	NO	West	Home	Win
693	WAS	East	Away	Loss
693	DAL	West	Home	Win
694	POR	West	Away	Loss
694	DEN	West	Home	Win
695	MIN	West	Away	Win
695	LAC	West	Home	Loss
696	SAC	West	Away	Win
696	ORL	East	Home	Loss
697	BKN	East	Away	Loss
697	OKC	West	Home	Win
698	CLE	East	Away	Loss
698	SA	West	Home	Win
699	NY	East	Away	Loss
699	GS	West	Home	Win
700	BOS	East	Away	Loss
700	LAL	West	Home	Win
701	NO	West	Away	Win
701	CHA	East	Home	Loss
702	UTA	West	Away	Win
702	DET	East	Home	Loss
703	PHO	West	Away	Loss
703	IND	East	Home	Win
704	CHI	East	Away	Loss
704	PHI	East	Home	Win
705	TOR	East	Away	Win
705	ATL	East	Home	Loss
706	HOU	West	Away	Win
706	DAL	West	Home	Loss
707	SA	West	Away	Win
707	MEM	West	Home	Loss
708	MIN	West	Away	Loss
708	POR	West	Home	Win
709	BOS	East	Away	Win
709	LAC	West	Home	Loss
710	SAC	West	Away	Win
710	MIA	East	Home	Loss
711	WAS	East	Away	Loss
711	OKC	West	Home	Win
712	NY	East	Away	Loss
712	DEN	West	Home	Win
713	MIN	West	Away	Loss
713	GS	West	Home	Win
714	ATL	East	Away	Loss
714	CHA	East	Home	Win
715	IND	East	Away	Loss
715	CLE	East	Home	Win
716	UTA	West	Away	Win
716	TOR	East	Home	Loss
717	LAL	West	Away	Win
717	CHI	East	Home	Loss
718	LAC	West	Away	Win
718	MEM	West	Home	Loss
719	BKN	East	Away	Loss
719	MIL	East	Home	Win
720	HOU	West	Away	Loss
720	NO	West	Home	Win
721	POR	West	Away	Win
721	DAL	West	Home	Loss
722	PHI	East	Away	Win
722	SA	West	Home	Loss
723	NY	East	Away	Win
723	PHO	West	Home	Loss
724	OKC	West	Away	Win
724	DET	East	Home	Loss
725	ORL	East	Away	Loss
725	IND	East	Home	Win
726	WAS	East	Away	Win
726	ATL	East	Home	Loss
727	CHA	East	Away	Loss
727	MIA	East	Home	Win
728	BOS	East	Away	Loss
728	GS	West	Home	Win
729	DAL	West	Away	Loss
729	DEN	West	Home	Win
730	BKN	East	Away	Loss
730	MIN	West	Home	Win
731	MIL	East	Away	Win
731	CHI	East	Home	Loss
732	PHO	West	Away	Loss
732	HOU	West	Home	Win
733	LAC	West	Away	Win
733	NO	West	Home	Loss
734	DET	East	Away	Loss
734	CLE	East	Home	Win
735	PHI	East	Away	Loss
735	OKC	West	Home	Win
736	LAL	West	Away	Loss
736	TOR	East	Home	Win
737	SAC	West	Away	Loss
737	SA	West	Home	Win
738	CHA	East	Away	Loss
738	IND	East	Home	Win
739	MIN	West	Away	Loss
739	ATL	East	Home	Win
740	PHO	West	Away	Loss
740	MEM	West	Home	Win
741	PHI	East	Away	Loss
741	MIL	East	Home	Win
742	MIA	East	Away	Win
742	DAL	West	Home	Loss
743	BOS	East	Away	Win
743	DEN	West	Home	Loss
744	OKC	West	Away	Loss
744	WAS	East	Home	Win
745	BKN	East	Away	Loss
745	NY	East	Home	Win
746	MIN	West	Away	Loss
746	TOR	East	Home	Win
747	CLE	East	Away	Loss
747	DET	East	Home	Win
748	ORL	East	Away	Loss
748	HOU	West	Home	Win
749	SAC	West	Away	Win
749	NO	West	Home	Loss
750	DEN	West	Away	Loss
750	SA	West	Home	Win
751	GS	West	Away	Loss
751	UTA	West	Home	Win
752	POR	West	Away	Win
752	LAC	West	Home	Loss
753	MEM	West	Away	Loss
753	IND	East	Home	Win
754	LAL	West	Away	Loss
754	ORL	East	Home	Win
755	CHA	East	Away	Win
755	ATL	East	Home	Loss
756	PHI	East	Away	Loss
756	BKN	East	Home	Win
757	MIA	East	Away	Loss
757	CLE	East	Home	Win
758	NY	East	Away	Loss
758	BOS	East	Home	Win
759	CHI	East	Away	Loss
759	POR	West	Home	Win
760	DAL	West	Away	Loss
760	PHO	West	Home	Win
761	MEM	West	Away	Loss
761	DET	East	Home	Win
762	TOR	East	Away	Loss
762	WAS	East	Home	Win
763	MIL	East	Away	Loss
763	MIN	West	Home	Win
764	HOU	West	Away	Win
764	SA	West	Home	Loss
765	OKC	West	Away	Loss
765	DEN	West	Home	Win
766	IND	East	Away	Loss
766	CHA	East	Home	Win
767	ATL	East	Away	Loss
767	BOS	East	Home	Win
768	LAL	West	Away	Win
768	BKN	East	Home	Loss
769	POR	West	Away	Loss
769	TOR	East	Home	Win
770	NY	East	Away	Loss
770	MIL	East	Home	Win
771	MIA	East	Away	Loss
771	PHI	East	Home	Win
772	NO	West	Away	Win
772	OKC	West	Home	Loss
773	UTA	West	Away	Win
773	PHO	West	Home	Loss
774	GS	West	Away	Win
774	SAC	West	Home	Loss
775	CHI	East	Away	Loss
775	LAC	West	Home	Win
776	MIA	East	Away	Loss
776	DET	East	Home	Win
777	PHI	East	Away	Loss
777	IND	East	Home	Win
778	WAS	East	Away	Win
778	ORL	East	Home	Loss
779	HOU	West	Away	Win
779	CLE	East	Home	Loss
780	GS	West	Away	Loss
780	DEN	West	Home	Win
781	NO	West	Away	Loss
781	MIN	West	Home	Win
782	UTA	West	Away	Win
782	SA	West	Home	Loss
783	DAL	West	Away	Win
783	SAC	West	Home	Loss
784	LAL	West	Away	Win
784	OKC	West	Home	Loss
785	CHA	East	Away	Win
785	PHO	West	Home	Loss
786	POR	West	Away	Loss
786	BOS	East	Home	Win
787	MIL	East	Away	Win
787	BKN	East	Home	Loss
788	ATL	East	Away	Win
788	NY	East	Home	Loss
789	MEM	West	Away	Loss
789	TOR	East	Home	Win
790	POR	West	Away	Loss
790	DET	East	Home	Win
791	WAS	East	Away	Win
791	IND	East	Home	Loss
792	ORL	East	Away	Win
792	MIA	East	Home	Loss
793	UTA	West	Away	Win
793	NO	West	Home	Loss
794	CHA	East	Away	Loss
794	DEN	West	Home	Win
795	CHI	East	Away	Loss
795	SAC	West	Home	Win
796	DAL	West	Away	Loss
796	LAC	West	Home	Win
797	CLE	East	Away	Loss
797	ORL	East	Home	Win
798	MEM	West	Away	Loss
798	ATL	East	Home	Win
799	HOU	West	Away	Win
799	BKN	East	Home	Loss
800	MIL	East	Away	Win
800	NY	East	Home	Loss
801	BOS	East	Away	Loss
801	TOR	East	Home	Win
802	WAS	East	Away	Loss
802	PHI	East	Home	Win
803	OKC	West	Away	Win
803	GS	West	Home	Loss
804	PHO	West	Away	Loss
804	LAL	West	Home	Win
805	BKN	East	Away	Loss
805	DET	East	Home	Win
806	HOU	West	Away	Win
806	MIA	East	Home	Loss
807	MIN	West	Away	Loss
807	CLE	East	Home	Win
808	UTA	West	Away	Win
808	MEM	West	Home	Loss
809	SA	West	Away	Win
809	PHO	West	Home	Loss
810	ATL	East	Away	Loss
810	ORL	East	Home	Win
811	NY	East	Away	Loss
811	TOR	East	Home	Win
812	BOS	East	Away	Win
812	WAS	East	Home	Loss
813	CHA	East	Away	Loss
813	POR	West	Home	Win
814	DAL	West	Away	Loss
814	GS	West	Home	Win
815	OKC	West	Away	Loss
815	LAL	West	Home	Win
816	LAC	West	Away	Win
816	DET	East	Home	Loss
817	NO	West	Away	Loss
817	PHI	East	Home	Win
818	CLE	East	Away	Win
818	ATL	East	Home	Loss
819	IND	East	Away	Win
819	BOS	East	Home	Loss
820	MIN	West	Away	Loss
820	CHI	East	Home	Win
821	DEN	West	Away	Loss
821	HOU	West	Home	Win
822	MIL	East	Away	Loss
822	MIA	East	Home	Win
823	CHA	East	Away	Loss
823	UTA	West	Home	Win
824	POR	West	Away	Win
824	SAC	West	Home	Loss
825	NO	West	Away	Win
825	BKN	East	Home	Loss
826	MIL	East	Away	Win
826	ORL	East	Home	Loss
827	LAC	West	Away	Loss
827	PHI	East	Home	Win
828	WAS	East	Away	Win
828	CHI	East	Home	Loss
829	LAL	West	Away	Loss
829	DAL	West	Home	Win
830	SA	West	Away	Loss
830	GS	West	Home	Win
831	DEN	West	Away	Win
831	PHO	West	Home	Loss
832	TOR	East	Away	Win
832	CHA	East	Home	Loss
833	DET	East	Away	Loss
833	ATL	East	Home	Win
834	CLE	East	Away	Win
834	BOS	East	Home	Loss
835	NY	East	Away	Loss
835	IND	East	Home	Win
836	DAL	West	Away	Loss
836	HOU	West	Home	Win
837	SAC	West	Away	Loss
837	MIN	West	Home	Win
838	MEM	West	Away	Loss
838	OKC	West	Home	Win
839	UTA	West	Away	Win
839	POR	West	Home	Loss
840	NO	West	Away	Win
840	DET	East	Home	Loss
841	NY	East	Away	Loss
841	PHI	East	Home	Win
842	LAC	West	Away	Win
842	BKN	East	Home	Loss
843	ORL	East	Away	Loss
843	CHI	East	Home	Win
844	SA	West	Away	Loss
844	UTA	West	Home	Win
845	PHO	West	Away	Loss
845	GS	West	Home	Win
846	MIA	East	Away	Loss
846	TOR	East	Home	Win
847	ATL	East	Away	Loss
847	MIL	East	Home	Win
848	HOU	West	Away	Win
848	MIN	West	Home	Loss
849	CLE	East	Away	Win
849	OKC	West	Home	Loss
850	SAC	West	Away	Win
850	DAL	West	Home	Loss
851	SA	West	Away	Loss
851	DEN	West	Home	Win
852	ATL	East	Away	Loss
852	DET	East	Home	Win
853	CHA	East	Away	Win
853	ORL	East	Home	Loss
854	MIA	East	Away	Loss
854	PHI	East	Home	Win
855	IND	East	Away	Win
855	BKN	East	Home	Loss
856	WAS	East	Away	Win
856	NY	East	Home	Loss
857	LAC	West	Away	Win
857	BOS	East	Home	Loss
858	TOR	East	Away	Win
858	CHI	East	Home	Loss
859	SAC	West	Away	Loss
859	HOU	West	Home	Win
860	OKC	West	Away	Win
860	MEM	West	Home	Loss
861	LAL	West	Away	Loss
861	NO	West	Home	Win
862	PHO	West	Away	Loss
862	UTA	West	Home	Win
863	GS	West	Away	Loss
863	POR	West	Home	Win
864	DEN	West	Away	Win
864	MIL	East	Home	Loss
865	LAL	West	Away	Loss
865	MIN	West	Home	Win
866	BKN	East	Away	Loss
866	CHA	East	Home	Win
867	NY	East	Away	Win
867	ORL	East	Home	Loss
868	PHI	East	Away	Win
868	CHI	East	Home	Loss
869	WAS	East	Away	Win
869	CLE	East	Home	Loss
870	OKC	West	Away	Win
870	SAC	West	Home	Loss
871	LAC	West	Away	Loss
871	GS	West	Home	Win
872	BOS	East	Away	Win
872	DET	East	Home	Loss
873	ATL	East	Away	Loss
873	IND	East	Home	Win
874	CHA	East	Away	Win
874	WAS	East	Home	Loss
875	MIL	East	Away	Win
875	TOR	East	Home	Loss
876	MIN	West	Away	Loss
876	HOU	West	Home	Win
877	CLE	East	Away	Win
877	MEM	West	Home	Loss
878	MIA	East	Away	Loss
878	NO	West	Home	Win
879	SA	West	Away	Loss
879	DEN	West	Home	Win
880	LAC	West	Away	Win
880	PHO	West	Home	Loss
881	POR	West	Away	Win
881	UTA	West	Home	Loss
882	DAL	West	Away	Loss
882	LAL	West	Home	Win
883	ORL	East	Away	Loss
883	PHI	East	Home	Win
884	MEM	West	Away	Loss
884	MIA	East	Home	Win
885	BOS	East	Away	Win
885	NY	East	Home	Loss
886	OKC	West	Away	Loss
886	GS	West	Home	Win
887	CHI	East	Away	Loss
887	MIN	West	Home	Win
888	POR	West	Away	Win
888	PHO	West	Home	Loss
889	DAL	West	Away	Loss
889	UTA	West	Home	Win
890	LAL	West	Away	Win
890	SAC	West	Home	Loss
891	DET	East	Away	Loss
891	CHA	East	Home	Win
892	NO	West	Away	Win
892	MIL	East	Home	Loss
893	SA	West	Away	Win
893	CLE	East	Home	Loss
894	HOU	West	Away	Win
894	DEN	West	Home	Loss
895	PHI	East	Away	Loss
895	WAS	East	Home	Win
896	LAL	West	Away	Win
896	ATL	East	Home	Loss
897	MEM	West	Away	Loss
897	BOS	East	Home	Win
898	CHI	East	Away	Loss
898	BKN	East	Home	Win
899	GS	West	Away	Win
899	NY	East	Home	Loss
900	DET	East	Away	Loss
900	TOR	East	Home	Win
901	PHO	West	Away	Loss
901	NO	West	Home	Win
902	ORL	East	Away	Loss
902	OKC	West	Home	Win
903	IND	East	Away	Loss
903	DAL	West	Home	Win
904	HOU	West	Away	Win
904	UTA	West	Home	Loss
905	MIN	West	Away	Win
905	SAC	West	Home	Loss
906	CHI	East	Away	Loss
906	CHA	East	Home	Win
907	BKN	East	Away	Loss
907	CLE	East	Home	Win
908	PHI	East	Away	Loss
908	MIA	East	Home	Win
909	WAS	East	Away	Win
909	MIL	East	Home	Loss
910	SAC	West	Away	Loss
910	POR	West	Home	Win
911	LAC	West	Away	Win
911	DEN	West	Home	Loss
912	MIL	East	Away	Loss
912	DET	East	Home	Win
913	TOR	East	Away	Win
913	ORL	East	Home	Loss
914	IND	East	Away	Loss
914	ATL	East	Home	Win
915	CHA	East	Away	Loss
915	BOS	East	Home	Win
916	PHO	West	Away	Win
916	MEM	West	Home	Loss
917	GS	West	Away	Win
917	WAS	East	Home	Loss
918	OKC	West	Away	Win
918	DAL	West	Home	Loss
919	NO	West	Away	Win
919	SA	West	Home	Loss
920	HOU	West	Away	Win
920	LAC	West	Home	Loss
921	LAL	West	Away	Win
921	MIA	East	Home	Loss
922	PHI	East	Away	Win
922	CLE	East	Home	Loss
923	BKN	East	Away	Loss
923	SAC	West	Home	Win
924	MIN	West	Away	Loss
924	POR	West	Home	Win
925	DET	East	Away	Loss
925	ORL	East	Home	Win
926	CHA	East	Away	Loss
926	PHI	East	Home	Win
927	GS	West	Away	Win
927	ATL	East	Home	Loss
928	DAL	West	Away	Loss
928	CHI	East	Home	Win
929	DEN	West	Away	Win
929	MEM	West	Home	Loss
930	IND	East	Away	Win
930	MIL	East	Home	Loss
931	TOR	East	Away	Win
931	WAS	East	Home	Loss
932	OKC	West	Away	Win
932	PHO	West	Home	Loss
933	NY	East	Away	Loss
933	LAC	West	Home	Win
934	MIN	West	Away	Loss
934	UTA	West	Home	Win
935	MEM	West	Away	Loss
935	ORL	East	Home	Win
936	DEN	West	Away	Win
936	CLE	East	Home	Loss
937	DET	East	Away	Loss
937	MIA	East	Home	Win
938	BOS	East	Away	Loss
938	HOU	West	Home	Win
939	LAL	West	Away	Win
939	SA	West	Home	Loss
940	OKC	West	Away	Loss
940	POR	West	Home	Win
941	UTA	West	Away	Win
941	SAC	West	Home	Loss
942	PHO	West	Away	Loss
942	ATL	East	Home	Win
943	CHA	East	Away	Loss
943	TOR	East	Home	Win
944	IND	East	Away	Win
944	WAS	East	Home	Loss
945	NO	West	Away	Win
945	DAL	West	Home	Loss
946	PHI	East	Away	Loss
946	MIL	East	Home	Win
947	BKN	East	Away	Loss
947	LAC	West	Home	Win
948	NY	East	Away	Loss
948	SAC	West	Home	Win
949	DET	East	Away	Loss
949	CLE	East	Home	Win
950	MIL	East	Away	Loss
950	IND	East	Home	Win
951	PHO	West	Away	Loss
951	MIA	East	Home	Win
952	BOS	East	Away	Win
952	CHI	East	Home	Loss
953	MEM	West	Away	Loss
953	SA	West	Home	Win
954	ORL	East	Away	Loss
954	UTA	West	Home	Win
955	POR	West	Away	Win
955	LAL	West	Home	Loss
956	PHI	East	Away	Win
956	CHA	East	Home	Loss
957	ATL	East	Away	Loss
957	TOR	East	Home	Win
958	MIA	East	Away	Loss
958	WAS	East	Home	Win
959	HOU	West	Away	Win
959	OKC	West	Home	Loss
960	DEN	West	Away	Loss
960	DAL	West	Home	Win
961	NY	East	Away	Loss
961	POR	West	Home	Win
962	BKN	East	Away	Loss
962	GS	West	Home	Win
963	NO	West	Away	Win
963	LAC	West	Home	Loss
964	UTA	West	Away	Win
964	IND	East	Home	Loss
965	MEM	West	Away	Loss
965	CHI	East	Home	Win
966	TOR	East	Away	Win
966	DET	East	Home	Loss
967	HOU	West	Away	Win
967	MIL	East	Home	Loss
968	NO	West	Away	Win
968	SAC	West	Home	Loss
969	CLE	East	Away	Win
969	DEN	West	Home	Loss
970	ORL	East	Away	Loss
970	LAL	West	Home	Win
971	BKN	East	Away	Win
971	CHA	East	Home	Loss
972	PHI	East	Away	Loss
972	MIA	East	Home	Win
973	BOS	East	Away	Win
973	MIN	West	Home	Loss
974	PHO	West	Away	Loss
974	OKC	West	Home	Win
975	SA	West	Away	Loss
975	GS	West	Home	Win
976	CHI	East	Away	Loss
976	DET	East	Home	Win
977	ATL	East	Away	Loss
977	IND	East	Home	Win
978	HOU	West	Away	Loss
978	TOR	East	Home	Win
979	UTA	West	Away	Win
979	MEM	West	Home	Loss
980	NY	East	Away	Loss
980	MIL	East	Home	Win
981	WAS	East	Away	Win
981	NO	West	Home	Loss
982	LAL	West	Away	Loss
982	DEN	West	Home	Win
983	GS	West	Away	Loss
983	POR	West	Home	Win
984	ORL	East	Away	Loss
984	SAC	West	Home	Win
985	CLE	East	Away	Loss
985	LAC	West	Home	Win
986	PHO	West	Away	Loss
986	CHA	East	Home	Win
987	WAS	East	Away	Loss
987	MIA	East	Home	Win
988	MEM	West	Away	Loss
988	DAL	West	Home	Win
989	SA	West	Away	Loss
989	OKC	West	Home	Win
990	ORL	East	Away	Loss
990	LAC	West	Home	Win
991	TOR	East	Away	Win
991	NY	East	Home	Loss
992	CHI	East	Away	Win
992	ATL	East	Home	Loss
993	GS	West	Away	Loss
993	MIN	West	Home	Win
994	UTA	West	Away	Win
994	NO	West	Home	Loss
995	SAC	West	Away	Loss
995	DEN	West	Home	Win
996	HOU	West	Away	Win
996	DAL	West	Home	Loss
997	IND	East	Away	Win
997	BOS	East	Home	Loss
998	PHI	East	Away	Win
998	BKN	East	Home	Loss
999	CLE	East	Away	Loss
999	LAL	West	Home	Win
1000	SA	West	Away	Loss
1000	HOU	West	Home	Win
1001	MIL	East	Away	Win
1001	MEM	West	Home	Loss
1002	SAC	West	Away	Loss
1002	OKC	West	Home	Win
1003	MIA	East	Away	Loss
1003	POR	West	Home	Win
1004	IND	East	Away	Win
1004	PHI	East	Home	Loss
1005	MIN	West	Away	Win
1005	WAS	East	Home	Loss
1006	OKC	West	Away	Win
1006	ATL	East	Home	Loss
1007	TOR	East	Away	Win
1007	BKN	East	Home	Loss
1008	DAL	West	Away	Win
1008	NY	East	Home	Loss
1009	LAC	West	Away	Win
1009	CHI	East	Home	Loss
1010	CHA	East	Away	Loss
1010	NO	West	Home	Win
1011	ORL	East	Away	Loss
1011	SA	West	Home	Win
1012	DET	East	Away	Loss
1012	UTA	West	Home	Win
1013	CLE	East	Away	Win
1013	PHO	West	Home	Loss
1014	DEN	West	Away	Loss
1014	LAL	West	Home	Win
1015	MIL	East	Away	Loss
1015	ORL	East	Home	Win
1016	WAS	East	Away	Win
1016	BOS	East	Home	Loss
1017	MIA	East	Away	Loss
1017	SAC	West	Home	Win
1018	LAL	West	Away	Loss
1018	GS	West	Home	Win
1019	TOR	East	Away	Win
1019	IND	East	Home	Loss
1020	CHA	East	Away	Win
1020	ATL	East	Home	Loss
1021	PHI	East	Away	Win
1021	NY	East	Home	Loss
1022	LAC	West	Away	Loss
1022	HOU	West	Home	Win
1023	CHI	East	Away	Win
1023	MEM	West	Home	Loss
1024	NO	West	Away	Loss
1024	SA	West	Home	Win
1025	DET	East	Away	Loss
1025	DEN	West	Home	Win
1026	PHO	West	Away	Loss
1026	UTA	West	Home	Win
1027	CLE	East	Away	Loss
1027	POR	West	Home	Win
1028	BOS	East	Away	Win
1028	ORL	East	Home	Loss
1029	BKN	East	Away	Loss
1029	PHI	East	Home	Win
1030	DAL	West	Away	Loss
1030	TOR	East	Home	Win
1031	LAC	West	Away	Loss
1031	OKC	West	Home	Win
1032	SAC	West	Away	Win
1032	GS	West	Home	Loss
1033	MIA	East	Away	Win
1033	LAL	West	Home	Loss
1034	HOU	West	Away	Win
1034	NO	West	Home	Loss
1035	IND	East	Away	Loss
1035	WAS	East	Home	Win
1036	DAL	West	Away	Loss
1036	BKN	East	Home	Win
1037	CHA	East	Away	Loss
1037	NY	East	Home	Win
1038	CLE	East	Away	Win
1038	CHI	East	Home	Loss
1039	DEN	West	Away	Loss
1039	MEM	West	Home	Win
1040	ATL	East	Away	Loss
1040	MIL	East	Home	Win
1041	MIN	West	Away	Loss
1041	SA	West	Home	Win
1042	SAC	West	Away	Loss
1042	UTA	West	Home	Win
1043	GS	West	Away	Win
1043	PHO	West	Home	Loss
1044	DET	East	Away	Loss
1044	POR	West	Home	Win
1045	OKC	West	Away	Win
1045	TOR	East	Home	Loss
1046	BOS	East	Away	Loss
1046	NO	West	Home	Win
1047	HOU	West	Away	Win
1047	MIN	West	Home	Loss
1048	POR	West	Away	Win
1048	LAC	West	Home	Loss
1049	MIL	East	Away	Loss
1049	CLE	East	Home	Win
1050	LAL	West	Away	Loss
1050	IND	East	Home	Win
1051	CHA	East	Away	Loss
1051	PHI	East	Home	Win
1052	MEM	West	Away	Loss
1052	BKN	East	Home	Win
1053	DEN	West	Away	Loss
1053	MIA	East	Home	Win
1054	CHI	East	Away	Loss
1054	NY	East	Home	Win
1055	GS	West	Away	Loss
1055	SA	West	Home	Win
1056	DET	East	Away	Win
1056	SAC	West	Home	Loss
1057	TOR	East	Away	Win
1057	ORL	East	Home	Loss
1058	OKC	West	Away	Loss
1058	BOS	East	Home	Win
1059	LAC	West	Away	Loss
1059	MIN	West	Home	Win
1060	DAL	West	Away	Loss
1060	NO	West	Home	Win
1061	ATL	East	Away	Win
1061	UTA	West	Home	Loss
1062	DET	East	Away	Win
1062	PHO	West	Home	Loss
1063	HOU	West	Away	Win
1063	POR	West	Home	Loss
1064	TOR	East	Away	Loss
1064	CLE	East	Home	Win
1065	MEM	West	Away	Loss
1065	PHI	East	Home	Win
1066	CHA	East	Away	Win
1066	BKN	East	Home	Loss
1067	NY	East	Away	Loss
1067	MIA	East	Home	Win
1068	DEN	West	Away	Win
1068	CHI	East	Home	Loss
1069	LAC	West	Away	Win
1069	MIL	East	Home	Loss
1070	WAS	East	Away	Loss
1070	SA	West	Home	Win
1071	NO	West	Home	Win
1071	IND	East	Away	Loss
1072	MEM	West	Away	Loss
1072	CHA	East	Home	Win
1073	PHI	East	Away	Win
1073	ORL	East	Home	Loss
1074	DET	East	Away	Loss
1074	HOU	West	Home	Win
1075	LAL	West	Away	Loss
1075	NO	West	Home	Win
1076	UTA	West	Away	Win
1076	DAL	West	Home	Loss
1077	ATL	East	Away	Loss
1077	SAC	West	Home	Win
1078	LAC	West	Away	Loss
1078	IND	East	Home	Win
1079	DEN	West	Away	Win
1079	WAS	East	Home	Loss
1080	PHO	West	Away	Loss
1080	CLE	East	Home	Win
1081	MIN	West	Away	Win
1081	NY	East	Home	Loss
1082	BKN	East	Away	Loss
1082	TOR	East	Home	Win
1083	MIL	East	Away	Win
1083	CHI	East	Home	Loss
1084	MIA	East	Away	Loss
1084	OKC	West	Home	Win
1085	UTA	West	Away	Loss
1085	SA	West	Home	Win
1086	BOS	East	Away	Win
1086	POR	West	Home	Loss
1087	ATL	East	Away	Loss
1087	GS	West	Home	Win
1088	MIN	West	Away	Loss
1088	PHI	East	Home	Win
1089	CHI	East	Away	Loss
1089	DET	East	Home	Win
1090	PHO	West	Away	Loss
1090	ORL	East	Home	Win
1091	NO	West	Away	Loss
1091	HOU	West	Home	Win
1092	LAL	West	Away	Win
1092	MEM	West	Home	Loss
1093	CHA	East	Away	Win
1093	DAL	West	Home	Loss
1094	CLE	East	Away	Win
1094	BKN	East	Home	Loss
1095	SA	West	Away	Loss
1095	MIL	East	Home	Win
1096	MIA	East	Away	Loss
1096	IND	East	Home	Win
1097	BOS	East	Away	Win
1097	SAC	West	Home	Loss
1098	LAC	West	Away	Win
1098	TOR	East	Home	Loss
1099	NY	East	Away	Win
1099	WAS	East	Home	Loss
1100	POR	West	Away	Win
1100	OKC	West	Home	Loss
1101	ATL	East	Away	Loss
1101	HOU	West	Home	Win
1102	UTA	West	Away	Win
1102	GS	West	Home	Loss
1103	NY	East	Away	Loss
1103	CHA	East	Home	Win
1104	LAL	West	Away	Loss
1104	DET	East	Home	Win
1105	DEN	West	Away	Loss
1105	PHI	East	Home	Win
1106	MEM	West	Away	Win
1106	MIN	West	Home	Loss
1107	BOS	East	Away	Win
1107	PHO	West	Home	Loss
1108	SA	West	Away	Loss
1108	WAS	East	Home	Win
1109	DEN	West	Away	Loss
1109	TOR	East	Home	Win
1110	CHI	East	Away	Loss
1110	HOU	West	Home	Win
1111	CLE	East	Away	Loss
1111	MIA	East	Home	Win
1112	POR	West	Away	Win
1112	NO	West	Home	Loss
1113	DAL	West	Away	Win
1113	SAC	West	Home	Loss
1114	IND	East	Away	Win
1114	GS	West	Home	Loss
1115	MIL	East	Away	Loss
1115	LAC	West	Home	Win
1116	CLE	East	Away	Win
1116	CHA	East	Home	Loss
1117	BKN	East	Away	Win
1117	ORL	East	Home	Loss
1118	NY	East	Away	Loss
1118	PHI	East	Home	Win
1119	POR	West	Away	Loss
1119	MEM	West	Home	Win
1120	ATL	East	Away	Loss
1120	MIN	West	Home	Win
1121	BOS	East	Away	Win
1121	UTA	West	Home	Loss
1122	LAC	West	Away	Win
1122	PHO	West	Home	Loss
1123	DAL	West	Away	Loss
1123	LAL	West	Home	Win
1124	WAS	East	Away	Loss
1124	DET	East	Home	Win
1125	CHI	East	Away	Loss
1125	MIA	East	Home	Win
1126	OKC	West	Away	Loss
1126	SA	West	Home	Win
1127	IND	East	Away	Win
1127	SAC	West	Home	Loss
1128	MIL	East	Away	Win
1128	GS	West	Home	Loss
1129	CHI	East	Away	Win
1129	ORL	East	Home	Loss
1130	PHI	East	Away	Win
1130	ATL	East	Home	Loss
1131	NO	West	Away	Loss
1131	CLE	East	Home	Win
1132	PHO	West	Away	Loss
1132	HOU	West	Home	Win
1133	DEN	West	Away	Win
1133	OKC	West	Home	Loss
1134	MIN	West	Away	Win
1134	DAL	West	Home	Loss
1135	MEM	West	Away	Loss
1135	UTA	West	Home	Win
1136	MIL	East	Away	Win
1136	LAL	West	Home	Loss
1137	LAC	West	Away	Loss
1137	POR	West	Home	Win
1138	CHA	East	Away	Loss
1138	WAS	East	Home	Win
1139	DET	East	Away	Win
1139	NY	East	Home	Loss
1140	TOR	East	Away	Loss
1140	BOS	East	Home	Win
1141	BKN	East	Away	Win
1141	MIA	East	Home	Loss
1142	GS	West	Away	Win
1142	SAC	West	Home	Loss
1143	PHI	East	Away	Win
1143	CHA	East	Home	Loss
1144	WAS	East	Away	Loss
1144	CHI	East	Home	Win
1145	IND	East	Away	Win
1145	LAC	West	Home	Loss
1146	HOU	West	Away	Loss
1146	SA	West	Home	Win
1147	ORL	East	Away	Loss
1147	ATL	East	Home	Win
1148	DET	East	Away	Win
1148	BKN	East	Home	Loss
1149	DAL	West	Away	Loss
1149	CLE	East	Home	Win
1150	OKC	West	Away	Win
1150	NO	West	Home	Loss
1151	UTA	West	Away	Win
1151	MIN	West	Home	Loss
1152	MIL	East	Away	Loss
1152	DEN	West	Home	Win
1153	PHO	West	Away	Loss
1153	GS	West	Home	Win
1154	MEM	West	Away	Loss
1154	POR	West	Home	Win
1155	SAC	West	Away	Win
1155	LAL	West	Home	Loss
1156	TOR	East	Away	Loss
1156	CLE	East	Home	Win
1157	BKN	East	Away	Loss
1157	PHI	East	Home	Win
1158	ATL	East	Away	Loss
1158	MIA	East	Home	Win
1159	ORL	East	Away	Win
1159	NY	East	Home	Loss
1160	CHA	East	Away	Loss
1160	CHI	East	Home	Win
1161	WAS	East	Away	Loss
1161	HOU	West	Home	Win
1162	BOS	East	Away	Loss
1162	MIL	East	Home	Win
1163	GS	West	Away	Win
1163	OKC	West	Home	Loss
1164	POR	West	Away	Loss
1164	DAL	West	Home	Win
1165	IND	East	Away	Loss
1165	DEN	West	Home	Win
1166	LAL	West	Away	Loss
1166	UTA	West	Home	Win
1167	SAC	West	Away	Loss
1167	PHO	West	Home	Win
1168	SA	West	Away	Loss
1168	LAC	West	Home	Win
1169	PHI	East	Away	Win
1169	DET	East	Home	Loss
1170	DAL	West	Away	Loss
1170	ORL	East	Home	Win
1171	BOS	East	Away	Loss
1171	TOR	East	Home	Win
1172	MIA	East	Away	Win
1172	ATL	East	Home	Loss
1173	MEM	West	Away	Loss
1173	NO	West	Home	Win
1174	SA	West	Away	Loss
1174	LAL	West	Home	Win
1175	GS	West	Away	Loss
1175	IND	East	Home	Win
1176	WAS	East	Away	Loss
1176	CLE	East	Home	Win
1177	POR	West	Away	Loss
1177	HOU	West	Home	Win
1178	BKN	East	Away	Win
1178	MIL	East	Home	Loss
1179	LAC	West	Away	Loss
1179	UTA	West	Home	Win
1180	MIN	West	Away	Loss
1180	DEN	West	Home	Win
1181	DAL	West	Away	Loss
1181	DET	East	Home	Win
1182	CHA	East	Away	Win
1182	ORL	East	Home	Loss
1183	CLE	East	Away	Loss
1183	PHI	East	Home	Win
1184	ATL	East	Away	Win
1184	WAS	East	Home	Loss
1185	CHI	East	Away	Loss
1185	BOS	East	Home	Win
1186	MIA	East	Away	Loss
1186	NY	East	Home	Win
1187	IND	East	Away	Loss
1187	TOR	East	Home	Win
1188	SAC	West	Away	Win
1188	MEM	West	Home	Loss
1189	NO	West	Away	Win
1189	PHO	West	Home	Loss
1190	MIN	West	Away	Win
1190	LAL	West	Home	Loss
1191	DEN	West	Away	Win
1191	LAC	West	Home	Loss
1192	MIL	East	Away	Win
1192	NY	East	Home	Loss
1193	BKN	East	Away	Win
1193	CHI	East	Home	Loss
1194	NO	West	Away	Win
1194	GS	West	Home	Loss
1195	OKC	West	Away	Win
1195	HOU	West	Home	Loss
1196	POR	West	Away	Loss
1196	SA	West	Home	Win
1197	IND	East	Away	Win
1197	CHA	East	Home	Loss
1198	DAL	West	Away	Loss
1198	PHI	East	Home	Win
1199	DET	East	Away	Loss
1199	MEM	West	Home	Win
1200	UTA	West	Away	Win
1200	LAL	West	Home	Loss
1201	ORL	East	Away	Loss
1201	TOR	East	Home	Win
1202	ATL	East	Away	Win
1202	BOS	East	Home	Loss
1203	GS	West	Away	Win
1203	PHO	West	Home	Loss
1204	TOR	East	Away	Win
1204	DET	East	Home	Loss
1205	CHI	East	Away	Loss
1205	BKN	East	Home	Win
1206	OKC	West	Away	Win
1206	MIA	East	Home	Loss
1207	CLE	East	Away	Win
1207	NY	East	Home	Loss
1208	ORL	East	Away	Loss
1208	MIL	East	Home	Win
1209	MEM	West	Away	Loss
1209	MIN	West	Home	Win
1210	SAC	West	Away	Loss
1210	SA	West	Home	Win
1211	POR	West	Away	Loss
1211	DEN	West	Home	Win
1212	NO	West	Away	Win
1212	LAC	West	Home	Loss
1213	CHA	East	Away	Win
1213	IND	East	Home	Loss
1214	PHI	East	Away	Win
1214	ATL	East	Home	Loss
1215	BOS	East	Away	Loss
1215	WAS	East	Home	Win
1216	PHO	West	Away	Win
1216	DAL	West	Home	Loss
1217	GS	West	Away	Loss
1217	UTA	West	Home	Win
1218	HOU	West	Away	Win
1218	LAL	West	Home	Loss
1219	BKN	East	Away	Loss
1219	BOS	East	Home	Win
1220	DET	East	Away	Win
1220	CHI	East	Home	Loss
1221	NY	East	Away	Win
1221	CLE	East	Home	Loss
1222	TOR	East	Away	Loss
1222	MIA	East	Home	Win
1223	DEN	West	Away	Loss
1223	MIN	West	Home	Win
1224	SA	West	Away	Loss
1224	NO	West	Home	Win
1225	MEM	West	Away	Loss
1225	OKC	West	Home	Win
1226	WAS	East	Away	Loss
1226	ORL	East	Home	Win
1227	MIL	East	Away	Loss
1227	PHI	East	Home	Win
1228	LAL	West	Away	Win
1228	LAC	West	Home	Loss
1229	UTA	West	Away	Loss
1229	POR	West	Home	Win
1230	HOU	West	Away	Loss
1230	SAC	West	Home	Win
